queue_rank,content_hash_id,position_tier,avg_position,total_impressions,feat_ctr,tier_expected_ctr,opportunity_gap,rf_prob,priority_score,action_label,reason_text
1,content_06d45e82b3698a77,top_3,1.6957390448600367,16041.0,0.0,2.7645,2.7645,0.9459970674506999,25.32297764784881,rewrite_title_and_meta,High-confidence CTR opportunity: page ranks in top-10 but captures far below tier benchmark -- title/meta rewrite is the highest-leverage lever
2,content_39bb094b613d554a,top_3,1.2588512437919028,5552.0,0.0,2.7645,2.7645,0.9725530301468187,23.181557887009212,rewrite_title_and_meta,High-confidence CTR opportunity: page ranks in top-10 but captures far below tier benchmark -- title/meta rewrite is the highest-leverage lever
3,content_c0239977f39161a4,top_3,2.9784642743797103,5360.0,0.0,2.7645,2.7645,0.9689180996383044,23.000663368920346,rewrite_title_and_meta,High-confidence CTR opportunity: page ranks in top-10 but captures far below tier benchmark -- title/meta rewrite is the highest-leverage lever
4,content_b42b2d8b76939b96,top_3,0.21910462100887534,5215.0,0.0,2.7645,2.7645,0.9658869130510152,22.85549161361149,rewrite_title_and_meta,High-confidence CTR opportunity: page ranks in top-10 but captures far below tier benchmark -- title/meta rewrite is the highest-leverage lever
5,content_94ea772ab7347bfe,top_3,0.4188208978547337,4776.0,0.0,2.7645,2.7645,0.9723789659946473,22.772774830242614,rewrite_title_and_meta,High-confidence CTR opportunity: page ranks in top-10 but captures far below tier benchmark -- title/meta rewrite is the highest-leverage lever
6,content_d34f15f5caa87605,top_3,0.6207685808290656,4574.0,0.0,2.7645,2.7645,0.9726420420203132,22.66276061190694,rewrite_title_and_meta,High-confidence CTR opportunity: page ranks in top-10 but captures far below tier benchmark -- title/meta rewrite is the highest-leverage lever
7,content_df1a66a4a2abe607,top_3,2.879827735220123,4709.0,0.0,2.7645,2.7645,0.96846550863278,22.643306308321247,rewrite_title_and_meta,High-confidence CTR opportunity: page ranks in top-10 but captures far below tier benchmark -- title/meta rewrite is the highest-leverage lever
8,content_aaf17d425fe492a8,top_3,2.364826443639971,4707.0,0.0,2.7645,2.7645,0.96846550863278,22.642169199406887,rewrite_title_and_meta,High-confidence CTR opportunity: page ranks in top-10 but captures far below tier benchmark -- title/meta rewrite is the highest-leverage lever
9,content_8a4dd8299d900229,top_3,2.6962772375736392,4573.0,0.0,2.7645,2.7645,0.9687357789030503,22.571158439410098,rewrite_title_and_meta,High-confidence CTR opportunity: page ranks in top-10 but captures far below tier benchmark -- title/meta rewrite is the highest-leverage lever
10,content_c7a23df34c9849b6,top_3,1.8392345973575193,4558.0,0.0,2.7645,2.7645,0.9687357789030503,22.562361529953908,rewrite_title_and_meta,High-confidence CTR opportunity: page ranks in top-10 but captures far below tier benchmark -- title/meta rewrite is the highest-leverage lever
11,content_5f664239a08b85c1,top_3,2.5962323800418154,4448.0,0.0,2.7645,2.7645,0.9701376874679849,22.529509007038023,rewrite_title_and_meta,High-confidence CTR opportunity: page ranks in top-10 but captures far below tier benchmark -- title/meta rewrite is the highest-leverage lever
12,content_57ede7d093afcd29,top_3,2.429148958539958,4396.0,0.0,2.7645,2.7645,0.9701376874679849,22.497977743297362,rewrite_title_and_meta,High-confidence CTR opportunity: page ranks in top-10 but captures far below tier benchmark -- title/meta rewrite is the highest-leverage lever
13,content_6c88154c20f75633,top_3,1.0424013338930147,4097.0,0.0,2.7645,2.7645,0.9757930847567969,22.43915636929177,rewrite_title_and_meta,High-confidence CTR opportunity: page ranks in top-10 but captures far below tier benchmark -- title/meta rewrite is the highest-leverage lever
14,content_f9e04ee043a37ad6,top_3,0.5072304857422478,4010.0,0.0,2.7645,2.7645,0.975891047139242,22.383517362381426,rewrite_title_and_meta,High-confidence CTR opportunity: page ranks in top-10 but captures far below tier benchmark -- title/meta rewrite is the highest-leverage lever
15,content_dbe21995d2bd211e,top_3,0.9938308933474371,3993.0,0.0,2.7645,2.7645,0.975891047139242,22.37205864094609,rewrite_title_and_meta,High-confidence CTR opportunity: page ranks in top-10 but captures far below tier benchmark -- title/meta rewrite is the highest-leverage lever
16,content_33e389c45ee9ea95,top_3,1.5410530295589613,3956.0,0.0,2.7645,2.7645,0.9761264180901302,22.352339312053175,rewrite_title_and_meta,High-confidence CTR opportunity: page ranks in top-10 but captures far below tier benchmark -- title/meta rewrite is the highest-leverage lever
17,content_25b305a0fbcf1dea,top_3,0.26803508331754855,3943.0,0.0,2.7645,2.7645,0.9751712337258546,22.32159518670341,rewrite_title_and_meta,High-confidence CTR opportunity: page ranks in top-10 but captures far below tier benchmark -- title/meta rewrite is the highest-leverage lever
18,content_2b7e2125fa5399a1,top_3,1.9203127499314618,4042.0,0.0,2.7645,2.7645,0.9716817537189486,22.308316679783022,rewrite_title_and_meta,High-confidence CTR opportunity: page ranks in top-10 but captures far below tier benchmark -- title/meta rewrite is the highest-leverage lever
19,content_a49c4955ca7cff42,top_3,2.2555437952241744,3944.0,0.0,2.7645,2.7645,0.9720150870522819,22.25003246607137,rewrite_title_and_meta,High-confidence CTR opportunity: page ranks in top-10 but captures far below tier benchmark -- title/meta rewrite is the highest-leverage lever
20,content_ee374cbb8f0013cc,top_3,0.9009747336957491,3743.0,0.0,2.7645,2.7645,0.9762243804725754,22.205255155095227,rewrite_title_and_meta,High-confidence CTR opportunity: page ranks in top-10 but captures far below tier benchmark -- title/meta rewrite is the highest-leverage lever
21,content_03cfb7d7a5f4e0f3,top_3,1.8371259504444648,3831.0,0.0,2.7645,2.7645,0.9720150870522819,22.171938675021714,rewrite_title_and_meta,High-confidence CTR opportunity: page ranks in top-10 but captures far below tier benchmark -- title/meta rewrite is the highest-leverage lever
22,content_5cc6fa5852bf25f1,top_3,1.7752290829530843,3809.0,0.0,2.7645,2.7645,0.9720150870522819,22.156467031762404,rewrite_title_and_meta,High-confidence CTR opportunity: page ranks in top-10 but captures far below tier benchmark -- title/meta rewrite is the highest-leverage lever
23,content_bdad959cc10d182b,top_3,0.8999240031041166,3610.0,0.0,2.7645,2.7645,0.9766469156838431,22.117209816702488,rewrite_title_and_meta,High-confidence CTR opportunity: page ranks in top-10 but captures far below tier benchmark -- title/meta rewrite is the highest-leverage lever
24,content_de2b6556c330740a,top_3,1.5323092504581228,3608.0,0.0,2.7645,2.7645,0.9765489533013979,22.11349569233758,rewrite_title_and_meta,High-confidence CTR opportunity: page ranks in top-10 but captures far below tier benchmark -- title/meta rewrite is the highest-leverage lever
25,content_6e443d47e7e3a5e5,top_3,1.3095984377419194,3603.0,0.0,2.7645,2.7645,0.9765489533013979,22.109752908455956,rewrite_title_and_meta,High-confidence CTR opportunity: page ranks in top-10 but captures far below tier benchmark -- title/meta rewrite is the highest-leverage lever
26,content_f6c5d68d2b39c63a,top_3,0.37305557703838105,3595.0,0.0,2.7645,2.7645,0.976351079625417,22.099274857112373,rewrite_title_and_meta,High-confidence CTR opportunity: page ranks in top-10 but captures far below tier benchmark -- title/meta rewrite is the highest-leverage lever
27,content_1b86d6e570c74c6d,top_3,2.3401166222591288,3716.0,0.0,2.7645,2.7645,0.9720150870522819,22.090061733850302,rewrite_title_and_meta,High-confidence CTR opportunity: page ranks in top-10 but captures far below tier benchmark -- title/meta rewrite is the highest-leverage lever
28,content_7fccbffcbcf496d7,top_3,2.6199331049947956,3690.0,0.0,2.7645,2.7645,0.9720150870522819,22.071199472704233,rewrite_title_and_meta,High-confidence CTR opportunity: page ranks in top-10 but captures far below tier benchmark -- title/meta rewrite is the highest-leverage lever
29,content_d4cd394d33151ccf,top_3,2.085364124727292,3656.0,0.0,2.7645,2.7645,0.9724376222635496,22.055915499584827,rewrite_title_and_meta,High-confidence CTR opportunity: page ranks in top-10 but captures far below tier benchmark -- title/meta rewrite is the highest-leverage lever
30,content_51f36df59bb6586c,top_3,2.1070970033694123,3515.0,0.0,2.7645,2.7645,0.9724376222635496,21.9502136538414,rewrite_title_and_meta,High-confidence CTR opportunity: page ranks in top-10 but captures far below tier benchmark -- title/meta rewrite is the highest-leverage lever
31,content_5e118059b0c0b45d,top_3,0.5433284593560201,3346.0,0.0,2.7645,2.7645,0.9769802490171764,21.919708205350545,rewrite_title_and_meta,High-confidence CTR opportunity: page ranks in top-10 but captures far below tier benchmark -- title/meta rewrite is the highest-leverage lever
32,content_1a870e201af446ff,top_3,2.8419262653034094,21710.0,0.004606172270842929,2.7645,2.759893827729157,0.7950696127854221,21.911422796224052,rewrite_title_and_meta,High-confidence CTR opportunity: page ranks in top-10 but captures far below tier benchmark -- title/meta rewrite is the highest-leverage lever
33,content_41057630275dbebb,top_3,1.8412274918698712,3406.0,0.0,2.7645,2.7645,0.9724376222635496,21.865554017412215,rewrite_title_and_meta,High-confidence CTR opportunity: page ranks in top-10 but captures far below tier benchmark -- title/meta rewrite is the highest-leverage lever
34,content_6a678bd9e9b107ab,top_3,2.5330577761625173,3403.0,0.0,2.7645,2.7645,0.9724376222635496,21.863185815403174,rewrite_title_and_meta,High-confidence CTR opportunity: page ranks in top-10 but captures far below tier benchmark -- title/meta rewrite is the highest-leverage lever
35,content_5c2be3e461e471b6,top_3,2.82971251710037,3358.0,0.0,2.7645,2.7645,0.9727709555968829,21.834892162756013,rewrite_title_and_meta,High-confidence CTR opportunity: page ranks in top-10 but captures far below tier benchmark -- title/meta rewrite is the highest-leverage lever
36,content_d092a737bb522adf,top_3,0.7816778133151048,3240.0,0.0,2.7645,2.7645,0.9769802490171764,21.832787722518287,rewrite_title_and_meta,High-confidence CTR opportunity: page ranks in top-10 but captures far below tier benchmark -- title/meta rewrite is the highest-leverage lever
37,content_f29dd906bd100eb1,top_3,1.250716343408121,3147.0,0.0,2.7645,2.7645,0.9761807437224843,21.736350859230082,rewrite_title_and_meta,High-confidence CTR opportunity: page ranks in top-10 but captures far below tier benchmark -- title/meta rewrite is the highest-leverage lever
38,content_043d9e58fa612f3a,top_3,2.6560335677285623,3229.0,0.0,2.7645,2.7645,0.9727709555968829,21.72957894421866,rewrite_title_and_meta,High-confidence CTR opportunity: page ranks in top-10 but captures far below tier benchmark -- title/meta rewrite is the highest-leverage lever
39,content_f2b359a332315e9c,top_3,0.9736435242838163,3116.0,0.0,2.7645,2.7645,0.9762787061049295,21.711822734014543,rewrite_title_and_meta,High-confidence CTR opportunity: page ranks in top-10 but captures far below tier benchmark -- title/meta rewrite is the highest-leverage lever
40,content_5deba870c44ad151,top_3,0.707149202937752,3065.0,0.0,2.7645,2.7645,0.9762787061049295,21.6672980151434,rewrite_title_and_meta,High-confidence CTR opportunity: page ranks in top-10 but captures far below tier benchmark -- title/meta rewrite is the highest-leverage lever
41,content_4f3379fc429fa1a2,top_3,0.5456956359200132,3052.0,0.0,2.7645,2.7645,0.9762787061049295,21.655830113503306,rewrite_title_and_meta,High-confidence CTR opportunity: page ranks in top-10 but captures far below tier benchmark -- title/meta rewrite is the highest-leverage lever
42,content_41fa65c3c02ec740,top_3,2.6316224546769345,3053.0,0.0,2.7645,2.7645,0.9720694126846361,21.563339565931642,rewrite_title_and_meta,High-confidence CTR opportunity: page ranks in top-10 but captures far below tier benchmark -- title/meta rewrite is the highest-leverage lever
43,content_72b67fecb589b641,top_3,2.9807918130141053,3037.0,0.0,2.7645,2.7645,0.9725458132139699,21.559784821153144,rewrite_title_and_meta,High-confidence CTR opportunity: page ranks in top-10 but captures far below tier benchmark -- title/meta rewrite is the highest-leverage lever
44,content_b8b924e3572091d4,top_3,2.636074369504932,3033.0,0.0,2.7645,2.7645,0.9720694126846361,21.545683221919244,rewrite_title_and_meta,High-confidence CTR opportunity: page ranks in top-10 but captures far below tier benchmark -- title/meta rewrite is the highest-leverage lever
45,content_53e7a4386a32a32e,top_3,0.03620016845035883,2941.0,0.0,2.7645,2.7645,0.9752255593582089,21.532622178817025,rewrite_title_and_meta,High-confidence CTR opportunity: page ranks in top-10 but captures far below tier benchmark -- title/meta rewrite is the highest-leverage lever
46,content_7d0e25bd63b12027,top_3,1.241413022771248,2900.0,0.0,2.7645,2.7645,0.9761807437224843,21.51583910543789,rewrite_title_and_meta,High-confidence CTR opportunity: page ranks in top-10 but captures far below tier benchmark -- title/meta rewrite is the highest-leverage lever
47,content_ad1235d6bb41c71a,top_3,2.2140254715436525,2888.0,0.0,2.7645,2.7645,0.9720694126846361,21.41408290988047,rewrite_title_and_meta,High-confidence CTR opportunity: page ranks in top-10 but captures far below tier benchmark -- title/meta rewrite is the highest-leverage lever
48,content_c393d84fa6122eb5,top_3,1.5958948112106282,2812.0,0.0,2.7645,2.7645,0.9750794736690085,21.408530774790542,rewrite_title_and_meta,High-confidence CTR opportunity: page ranks in top-10 but captures far below tier benchmark -- title/meta rewrite is the highest-leverage lever
49,content_03081e31a746c1fd,top_3,0.3074198156843768,2729.0,0.0,2.7645,2.7645,0.9755035996495605,21.337074411027714,rewrite_title_and_meta,High-confidence CTR opportunity: page ranks in top-10 but captures far below tier benchmark -- title/meta rewrite is the highest-leverage lever
50,content_94cb0c79e66b5b7c,top_3,1.8821299149680977,2797.0,0.0,2.7645,2.7645,0.9709681426311602,21.303912006897814,rewrite_title_and_meta,High-confidence CTR opportunity: page ranks in top-10 but captures far below tier benchmark -- title/meta rewrite is the highest-leverage lever
51,content_276a3fbb91b7c07e,top_3,1.1992280105823998,2684.0,0.0,2.7645,2.7645,0.9750794736690085,21.282994186600074,rewrite_title_and_meta,High-confidence CTR opportunity: page ranks in top-10 but captures far below tier benchmark -- title/meta rewrite is the highest-leverage lever
52,content_fcd2b7ad554642a4,top_3,1.455305642969374,2618.0,0.0,2.7645,2.7645,0.9749814598560772,21.21377287938531,rewrite_title_and_meta,High-confidence CTR opportunity: page ranks in top-10 but captures far below tier benchmark -- title/meta rewrite is the highest-leverage lever
53,content_2b76b956c1a5aa80,top_3,1.6682518377280837,2704.0,0.0,2.7645,2.7645,0.970068097104731,21.193512992138903,rewrite_title_and_meta,High-confidence CTR opportunity: page ranks in top-10 but captures far below tier benchmark -- title/meta rewrite is the highest-leverage lever
54,content_7c27a500eed74248,top_3,1.7321262262430686,2786.0,0.0,2.7645,2.7645,0.9662040458943082,21.188861760885466,rewrite_title_and_meta,High-confidence CTR opportunity: page ranks in top-10 but captures far below tier benchmark -- title/meta rewrite is the highest-leverage lever
55,content_f3f6421a34ede015,top_3,2.9660175002527884,2661.0,0.0,2.7645,2.7645,0.971444543160494,21.18055092180073,rewrite_title_and_meta,High-confidence CTR opportunity: page ranks in top-10 but captures far below tier benchmark -- title/meta rewrite is the highest-leverage lever
56,content_5fde73ece2ba6d36,top_3,2.3696861226162613,2658.0,0.0,2.7645,2.7645,0.9709681426311602,21.167137118344886,rewrite_title_and_meta,High-confidence CTR opportunity: page ranks in top-10 but captures far below tier benchmark -- title/meta rewrite is the highest-leverage lever
57,content_2e6f70bef2a448dd,top_3,0.2223454700479301,109916.0,0.06095563885148659,2.7645,2.7035443611485133,0.6737721053624652,21.14387105141147,monitor_ctr,Directional signal present but below confidence threshold -- flag for next review cycle if impression volume grows
58,content_cce7923215e3dd5b,top_3,2.2314512186579254,2610.0,0.0,2.7645,2.7645,0.9711927094633901,21.12312302352043,rewrite_title_and_meta,High-confidence CTR opportunity: page ranks in top-10 but captures far below tier benchmark -- title/meta rewrite is the highest-leverage lever
59,content_188b924f3b96f261,top_3,0.401330235403421,2477.0,0.0,2.7645,2.7645,0.9764854771700852,21.09710536744893,rewrite_title_and_meta,High-confidence CTR opportunity: page ranks in top-10 but captures far below tier benchmark -- title/meta rewrite is the highest-leverage lever
60,content_087632fc68dcd6db,top_3,0.6716548595779054,2468.0,0.0,2.7645,2.7645,0.9764782829254809,21.087127701222823,rewrite_title_and_meta,High-confidence CTR opportunity: page ranks in top-10 but captures far below tier benchmark -- title/meta rewrite is the highest-leverage lever
61,content_128b089eab76d5ce,top_3,2.336311179388112,2564.0,0.0,2.7645,2.7645,0.9711927094633901,21.075400104295912,rewrite_title_and_meta,High-confidence CTR opportunity: page ranks in top-10 but captures far below tier benchmark -- title/meta rewrite is the highest-leverage lever
62,content_0a7a764302e3eb43,top_3,1.9573438006200055,2560.0,0.0,2.7645,2.7645,0.9711927094633901,21.071209916562367,rewrite_title_and_meta,High-confidence CTR opportunity: page ranks in top-10 but captures far below tier benchmark -- title/meta rewrite is the highest-leverage lever
63,content_5fde7b23ee9d8f16,top_3,1.5344380160101263,19777.0,0.02022551448652475,2.7645,2.744274485513475,0.7750015589490508,21.039166061140566,rewrite_title_and_meta,High-confidence CTR opportunity: page ranks in top-10 but captures far below tier benchmark -- title/meta rewrite is the highest-leverage lever
64,content_baa873eb50ee2710,top_3,2.4735119070725116,2499.0,0.0,2.7645,2.7645,0.9711927094633901,21.006485740128436,rewrite_title_and_meta,High-confidence CTR opportunity: page ranks in top-10 but captures far below tier benchmark -- title/meta rewrite is the highest-leverage lever
65,content_3eb93e7a5bbd5222,top_3,0.7018429345650451,2366.0,0.0,2.7645,2.7645,0.9767813132285111,20.97974582891605,rewrite_title_and_meta,High-confidence CTR opportunity: page ranks in top-10 but captures far below tier benchmark -- title/meta rewrite is the highest-leverage lever
66,content_8a3fdc6f7006ad25,top_3,2.8687027819023228,21699.0,0.027651043826904465,2.7645,2.7368489561730955,0.7677018882179141,20.97946675877214,rewrite_title_and_meta,High-confidence CTR opportunity: page ranks in top-10 but captures far below tier benchmark -- title/meta rewrite is the highest-leverage lever
67,content_a8440d564c0facd9,top_3,0.753003813419521,2361.0,0.0,2.7645,2.7645,0.9767813132285111,20.974035714839832,rewrite_title_and_meta,High-confidence CTR opportunity: page ranks in top-10 but captures far below tier benchmark -- title/meta rewrite is the highest-leverage lever
68,content_f2b385358da429ab,top_3,2.4354786969443496,2439.0,0.0,2.7645,2.7645,0.9711927094633901,20.94126320701285,rewrite_title_and_meta,High-confidence CTR opportunity: page ranks in top-10 but captures far below tier benchmark -- title/meta rewrite is the highest-leverage lever
69,content_3252c99e9fabb419,top_3,2.8927143809691853,2438.0,0.0,2.7645,2.7645,0.9711927094633901,20.940162628089748,rewrite_title_and_meta,High-confidence CTR opportunity: page ranks in top-10 but captures far below tier benchmark -- title/meta rewrite is the highest-leverage lever
70,content_090057cacd51b1e9,top_3,2.085332276054208,2397.0,0.0,2.7645,2.7645,0.9711927094633901,20.89464599029619,rewrite_title_and_meta,High-confidence CTR opportunity: page ranks in top-10 but captures far below tier benchmark -- title/meta rewrite is the highest-leverage lever
71,content_35f10273f0baf406,top_3,2.198751480817917,22942.0,0.021794089442943074,2.7645,2.742705910557057,0.7577493914081828,20.867565145166576,rewrite_title_and_meta,High-confidence CTR opportunity: page ranks in top-10 but captures far below tier benchmark -- title/meta rewrite is the highest-leverage lever
72,content_e78cfc4b077bfb6d,top_3,0.9931210190282097,2262.0,0.0,2.7645,2.7645,0.9768808157160733,20.86054030962194,rewrite_title_and_meta,High-confidence CTR opportunity: page ranks in top-10 but captures far below tier benchmark -- title/meta rewrite is the highest-leverage lever
73,content_fce56872cf9f8461,top_3,1.8199465979552245,2362.0,0.0,2.7645,2.7645,0.9711927094633901,20.85517030390594,rewrite_title_and_meta,High-confidence CTR opportunity: page ranks in top-10 but captures far below tier benchmark -- title/meta rewrite is the highest-leverage lever
74,content_cc853a10c20e96b5,top_3,2.5283873233066663,2348.0,0.0,2.7645,2.7645,0.9711927094633901,20.83921606704693,rewrite_title_and_meta,High-confidence CTR opportunity: page ranks in top-10 but captures far below tier benchmark -- title/meta rewrite is the highest-leverage lever
75,content_6835d54f3891230c,top_3,2.3777029110228836,18259.0,0.043814009529547074,2.7645,2.720685990470453,0.7803430255970712,20.832540450832887,rewrite_title_and_meta,High-confidence CTR opportunity: page ranks in top-10 but captures far below tier benchmark -- title/meta rewrite is the highest-leverage lever
76,content_9fa38c088d75fe83,top_3,0.7854964486049499,2233.0,0.0,2.7645,2.7645,0.9768808157160733,20.825709040286068,rewrite_title_and_meta,High-confidence CTR opportunity: page ranks in top-10 but captures far below tier benchmark -- title/meta rewrite is the highest-leverage lever
77,content_3fc85bdef381af2d,top_3,1.5071687142224197,2259.0,0.0,2.7645,2.7645,0.9754035429888006,20.82541722870598,rewrite_title_and_meta,High-confidence CTR opportunity: page ranks in top-10 but captures far below tier benchmark -- title/meta rewrite is the highest-leverage lever
78,content_8addaba591c50570,top_3,0.5084117355492395,2220.0,0.0,2.7645,2.7645,0.9768808157160733,20.809947993891093,rewrite_title_and_meta,High-confidence CTR opportunity: page ranks in top-10 but captures far below tier benchmark -- title/meta rewrite is the highest-leverage lever
79,content_9506d19a8ff03cc8,top_3,0.7474519849110248,2167.0,0.0,2.7645,2.7645,0.9768808157160733,20.744722170428663,rewrite_title_and_meta,High-confidence CTR opportunity: page ranks in top-10 but captures far below tier benchmark -- title/meta rewrite is the highest-leverage lever
80,content_60a1acf8e356bd94,top_3,0.9175206684324508,2138.0,0.0,2.7645,2.7645,0.9768808157160733,20.70835430091218,rewrite_title_and_meta,High-confidence CTR opportunity: page ranks in top-10 but captures far below tier benchmark -- title/meta rewrite is the highest-leverage lever
81,content_d096697dcee8950a,top_3,0.908359998175387,2134.0,0.0,2.7645,2.7645,0.9768808157160733,20.70329938691401,rewrite_title_and_meta,High-confidence CTR opportunity: page ranks in top-10 but captures far below tier benchmark -- title/meta rewrite is the highest-leverage lever
82,content_192a7aa395b6d03d,top_3,1.9340569223864366,2218.0,0.0,2.7645,2.7645,0.9712922119509523,20.68847803737271,rewrite_title_and_meta,High-confidence CTR opportunity: page ranks in top-10 but captures far below tier benchmark -- title/meta rewrite is the highest-leverage lever
83,content_a6bd8fd783853351,top_3,2.8435721032191816,2210.0,0.0,2.7645,2.7645,0.9712922119509523,20.67878001393674,rewrite_title_and_meta,High-confidence CTR opportunity: page ranks in top-10 but captures far below tier benchmark -- title/meta rewrite is the highest-leverage lever
84,content_72b955b5f26aec97,top_3,0.8067169348428262,2110.0,0.0,2.7645,2.7645,0.9768808157160733,20.672769580681734,rewrite_title_and_meta,High-confidence CTR opportunity: page ranks in top-10 but captures far below tier benchmark -- title/meta rewrite is the highest-leverage lever
85,content_0bbdb0b331945e67,top_3,1.4460029781629327,2133.0,0.0,2.7645,2.7645,0.9750809623436393,20.66389173031381,rewrite_title_and_meta,High-confidence CTR opportunity: page ranks in top-10 but captures far below tier benchmark -- title/meta rewrite is the highest-leverage lever
86,content_099392956b784b8d,top_3,0.7194959222619158,2099.0,0.0,2.7645,2.7645,0.9768808157160733,20.658660568696778,rewrite_title_and_meta,High-confidence CTR opportunity: page ranks in top-10 but captures far below tier benchmark -- title/meta rewrite is the highest-leverage lever
87,content_f520e8732cd4263e,top_3,2.6374036932355547,2186.0,0.0,2.7645,2.7645,0.9712922119509523,20.649473995119816,rewrite_title_and_meta,High-confidence CTR opportunity: page ranks in top-10 but captures far below tier benchmark -- title/meta rewrite is the highest-leverage lever
88,content_bdc734c8ee9548c7,top_3,1.8615250262404037,2154.0,0.0,2.7645,2.7645,0.9712922119509523,20.609895022318433,rewrite_title_and_meta,High-confidence CTR opportunity: page ranks in top-10 but captures far below tier benchmark -- title/meta rewrite is the highest-leverage lever
89,content_f06493b47cf5dab4,top_3,1.654008172457708,2169.0,0.0,2.7645,2.7645,0.970392166424523,20.60940495960998,rewrite_title_and_meta,High-confidence CTR opportunity: page ranks in top-10 but captures far below tier benchmark -- title/meta rewrite is the highest-leverage lever
90,content_8c9a17254a9e82a7,top_3,1.3946085311750271,2082.0,0.0,2.7645,2.7645,0.9754035429888006,20.60550216338852,rewrite_title_and_meta,High-confidence CTR opportunity: page ranks in top-10 but captures far below tier benchmark -- title/meta rewrite is the highest-leverage lever
91,content_027fcab15a063266,top_3,2.4257443939157795,2150.0,0.0,2.7645,2.7645,0.9712922119509523,20.604906377465124,rewrite_title_and_meta,High-confidence CTR opportunity: page ranks in top-10 but captures far below tier benchmark -- title/meta rewrite is the highest-leverage lever
92,content_3693af480d2c7793,top_3,2.916638524417317,2141.0,0.0,2.7645,2.7645,0.9712922119509523,20.593647923571144,rewrite_title_and_meta,High-confidence CTR opportunity: page ranks in top-10 but captures far below tier benchmark -- title/meta rewrite is the highest-leverage lever
93,content_e49b0b8545cc8ad3,top_3,1.1387812453158725,2058.0,0.0,2.7645,2.7645,0.9754035429888006,20.574253105666333,rewrite_title_and_meta,High-confidence CTR opportunity: page ranks in top-10 but captures far below tier benchmark -- title/meta rewrite is the highest-leverage lever
94,content_55514cdc61dd6f56,top_3,2.3344369178965008,2119.0,0.0,2.7645,2.7645,0.9712922119509523,20.565926879123825,rewrite_title_and_meta,High-confidence CTR opportunity: page ranks in top-10 but captures far below tier benchmark -- title/meta rewrite is the highest-leverage lever
95,content_6765e229738fb3c1,top_3,1.565503562448069,2045.0,0.0,2.7645,2.7645,0.9754035429888006,20.557174100833944,rewrite_title_and_meta,High-confidence CTR opportunity: page ranks in top-10 but captures far below tier benchmark -- title/meta rewrite is the highest-leverage lever
96,content_dfb3180b9bfa088e,top_3,1.03827505792428,2033.0,0.0,2.7645,2.7645,0.9754035429888006,20.541312272186786,rewrite_title_and_meta,High-confidence CTR opportunity: page ranks in top-10 but captures far below tier benchmark -- title/meta rewrite is the highest-leverage lever
97,content_72e556b597ccb43a,top_3,0.5330141091786834,1989.0,0.0,2.7645,2.7645,0.9768808157160733,20.51336167951775,rewrite_title_and_meta,High-confidence CTR opportunity: page ranks in top-10 but captures far below tier benchmark -- title/meta rewrite is the highest-leverage lever
98,content_f4005630cd53d099,top_3,1.8224129779169806,2074.0,0.0,2.7645,2.7645,0.9712922119509523,20.50831743245509,rewrite_title_and_meta,High-confidence CTR opportunity: page ranks in top-10 but captures far below tier benchmark -- title/meta rewrite is the highest-leverage lever
99,content_369e587914b67465,top_3,0.3950472640649643,1966.0,0.0,2.7645,2.7645,0.9765849796576472,20.475764381306973,rewrite_title_and_meta,High-confidence CTR opportunity: page ranks in top-10 but captures far below tier benchmark -- title/meta rewrite is the highest-leverage lever
100,content_0b5728913516b1fc,top_3,1.3721058955670795,1979.0,0.0,2.7645,2.7645,0.9754035429888006,20.46875624212061,rewrite_title_and_meta,High-confidence CTR opportunity: page ranks in top-10 but captures far below tier benchmark -- title/meta rewrite is the highest-leverage lever
